image_name,combined_text
31EvJszFVfL.jpg,glucono 94 in 23 cm
41wvffSxB4L.jpg,155g 50cm 4cm est bf frif ands 35cm
51WsuKKAVrL.jpg,product name festival doll harvest size 15x9x26cm product qty ictn 96pcs carton size 52x42x40cm material polyester material craftsmanship manual colour brown yellow grey orange product weight 158g
51bQPPtMqYL.jpg,use how to between place the curtain the and counterweight the magnet acmyl 6in weightz26g loadbearing metal block
61AHQ35poHL.jpg,g g anb u 1 b your old close friend everl and make how to tablet 7 water 1100zj boil c 3 min
61BZ4zrjZXL.jpg,composition serving size o 709 each valueslh 1 tablet serving contains aapprox gt ingredient aty o serving i rdai aphosphocomplex q silybin isillybum 200 lok marianuml mg dok dandelion officinalel leaf 101 100 taraxacum extract mg i5 kutki ipicrorhiza kurroalrhizome 05k bitters 50 extract mg kasani icichorium intybusl seed 17 bitters 25 extract mg o 07z punarnava boerhavia diffusay alkaloids 25 root extract mg bhui lphyllanthus wp 057 bitters 25 amla extract amarusl mg amla lphyllanthus emblical fruit 107 tannins 25 extract mg licorice gglycyrrhiza glabral 57 glycyrrhizin 25 root extract mg vitamin e 100 10 mg piper fruit 95k piperine 5 nigrum extract mg nan nutritional information per serving lapprox valuesh nutrients qty serving xrdah i energy 304 kcal 013 carbohydrate 051 9 sugarsl 02 g protein 004 007 g fat 009 g hzrda values established icmr 2010 for sedentary lifestylesment as per ky rda established by icmr not
61HXgujoxpL.jpg,ip65 150w
61I9XdN6OFL.jpg,propes naturei ingredient menager multhusage terre de sommieres naturel 1006 argile 10096 et naturelle terre pure sommieres propheresabosorbenites presente des permettent nettoyage des taches qui sec recalcitrantes sur toutes les surfaces imoquette elle efficace tapis parquet aussi pour desodonserle linge ingredient bentonite dosage conseille selon usage srockope lemborance datur adehumcine cns 1002 q 500g prsom202tos fropo wtheson 76010 565
61QsBSE7jgL.jpg,horbbachi hiigh naturallys sourced psyllium strength psyllium husk high strength 1400mg serving per 1400me plantago ovata plant seeds suitable for vegetarians vegans l food supplement 365 vegan capsules horbaach
61XGDKap+JL.jpg,158g
61o2ntPNNgL.jpg,281 q do freewheels 80ow 7 36v mindestbreite gabel 135mm brushless motor hinterrad mit
61oMj2iXOuL.jpg,wildfang vn xs xl i let 13 2 25 3cm 35 cm cm cm cm i 15 12 13 14 16 cm cm cm cm cm 10kg 10115 kg 1525 kg 2545 45 kg kg i
61sQ+qAKr4L.jpg,a 925 sterling silver 18k gold plated 028 inch 17 mmj high polish 0lo7 inch c18 mmj 16t2 inch extend chain caosmmasommy net weight 27g manual the be slightly different from the physicall size measurement may
61wzlucTREL.jpg,one size fits all stretchable and fabric blocks black form fitting light the expertgrade gel nonftoxic no smell flexible comfortable for cold or hot therapy 31 in it 5 in 222
71+fn9TWQmL.jpg,50mm jeapusmisn uajdo saunnep as carvomin 50 ml carvomin verchunstradians verdauungstropien weinnehmentt egizomies 18558 fluieretrumls 1855 glzo ml curanvencungs flussigkeit einnehmen zum werwachsenents ceenls bel a1bss senthaltents satsbeusy avonas mischungle benedkienkcauls c sminzblattemes etha aquesmittetes wirkstoff asuu 50 ml benediktenced carvomin pflanzliches nn agisboods verdauungstces reg verdauungstropfen enthalten keit spharmans von mischung 1855 glzo ml ferminzblatten g kklinger flussigkeit zum bergfeldstis 58 vcs enthalt wirkstofff sholzkirgs einnehmen kinder fur mittel auszug aus einer mischung a36oze das lagern deutschlandes angelikawurzeing von ausschliebicti benediktenkraut dungsgeblet und krankheitssn pieeminzbatern ilage packungsber andere eine klenge reg tieren zur anwendung pharma klinge bei erwachsenen pharma
71D824lbRvL.jpg,legpuamian sig uaydonsaunned as jus carvoming 5omi 50 ml dlechunestoriens carvomin clbn sgizomis verdauungstropien clueratzumes zur granwendunges mleinnehmentes bei glzo ml 1855 sterwachsements einnehmen enharseee zum flussigkeit crachneelges mbakchors ddshrramtesies sebeachtencs desarensimitters cngeieiens stcintradtionaises fur sudasausschilizs ceneins atiertistders eblich cranwendunges cemnanes sranwenders smenoderks ccts aisollites sbeims ceianens urauftretenss dei sietogereness sanderers sheiberufer cneronbnsnchns ceanderenes urtatigens sarznemitteres slleineres erquallizerass slleinemes sunzugins snhtosges stfurkinders ceireaes wirkstoff ld mischung einer aus auszug clagernes angelikawurzein von und benediktenkraut sklinger peterminzblaten klenge spharman pharma
71DiLRHeZdL.jpg,vegan horbaachi wheat free strength high psyllium husk soy free ovata plantago seeds plant 1400ms dairy vegan free 365 capsules food supplement free from preservatives horbaach
71IUuTJ8QwL.jpg,quality superior put durability and safetys environmental protection first honeycomb surface offers solid performance and that ensures the ball burst suddenly it yoga won explosionsproof design provides the best protection and prevents injuries environmentally friendly material por just it with confidence knowing its made use of environmentally friendly material sticking no rest assured that the surface wont stick to skiny clothings floor and much more your 330lbs load bearing never about the loadlbearing capacity worry 330lbs of this ball it support to yoga as can up
71YyZ2iPyZL.jpg,durable flexible led floodlight 8 thickened glass hightquality leds diecast alumium frame ip65 3ow mental bracket
71aKgRRQ2wL.jpg,legp gio aunnep 1e ido as carvoming 5omi 50 ml clechunesuodleny carvomin 1855 sgizoms verdauungstropien cuseietzums lur granwendungss mnteinnehmenss beir glzo ml 1855 caterwachsenenes einnehmen ceorianiens flussigkeit zum spackunss sneheleaemens adsanemieists desarencimittels cncropeispiens steintradhtionelss renalins scisauschileaies ahetistderes mmaes seranwendunges cranwenders amsnoterbeman cneties ssollters serwahntenas mautretens dei aztoders asr wirkstoft 50 uenens ml sandereres eeeuranges benediktenlcad eine sernas age carvomin sandereines pflanzliches verdauungtnces sheneimittele squallizeres ateinems verdaungstropfen enthalten keit so von mischung stfurkinderes 1855 glzo ml cencrehensnens ferminzblaten wirkstoff flussigkeit zum 58 vou enthalt ts mischung einer aus einnehmen auszug kinders fur mittel slagerns angelikawurzelin das von lagern und ausschileblitas benediktenkraut sklinger dungsgeblet peterminzblatem krankheitssin packungsbel klenge spharman andere eine reg tieren pharma zur anwendung pharma klinge bei erwachsenen
71cjrYndwIL.jpg,skinfood concealer circle dark salmon concealer and concentrated creamy this effectively which ingredients salmon contains brighten circles and under dark eye conceal help the eyes dispense foundation an applying your after to use around dark circles onto gently and tap amount adequate area eye your 42 11274243 80922 8 drive technology inc usa skinfood dist 92618 california irvine b113 suite b bldg 035 net wt oz 10g i theskinfood com www in korea made here open
71gSRbyXmoL.jpg,lcious wis joay rrific tea lebensmittelecht cup day gepragtes design best witha you as like in designed cake bexlig cockied cold geschutzte lizenzierte und designs
71jBLhmTNlL.jpg,new look trusted same quality old new horbaach horbaach high strength psyllium high strength psyllium husk husk 1400mg per serving plantago ovata 1400mg plant seeds vegan food 365 supplement capsules vegan food 365 supplement capsules horbaach packaging may vary
71nywfWZUwL.jpg,9cmi3is8u 368cmi 14487 48v 18ah 4370 1l1cmi 48v 175ah downtube battery type 13ahi 2500mah battery cell samsunglilgicel 175ahi 3500mah send it randomly charger 22aj 48v 13ah output current charger 48v i4aj 175ah usb port bms 30a battery weight kg 4 1kg 44kg
71rKXZJrh4L.jpg,siq 50m leqpubmiss uajdon saunnep uillione pls as carvomins 50 ml carvomin vercaunstradians verdauungstropien weinnehments massgromens flsieletzuns 1855 gl2o my canwendunges flussigkeit einnehmen oterwachsenents zum zur inflissigketities bel wibsselustues ceominesses palseeneos cns senthaltents cies subeeraiss migogivnes smineblarenis methanole zzubsmittehes n aygisboods agmbis regg apharmann 9 sklingels hholzkirchens bergteldstins wirkstoff aklenged auszug aus einer mischung h3607e deutschlandes angelikawuizens von spharman benediktenkraut und pieferminzbaern klenge pharma
81K3JwUCnQL.jpg,1p65 3ow ip65 waterproof heatresisting frostresistant dustproof
81N73b5khVL.jpg,3okg kapazitat grose tragtahigkeit bis zu das material 5mm sind ist dick und die fugen verstarkt dass ca so sehr stark ist es tragfahigkeit gegenstanden bis 30kg kann eine vielzahl von zu 30 aufnehmen kg
81RNsNEM1EL.jpg,free glucond 200g pack regular glucond p energy instant nutritional valuex 359 per 100g per serve a energy value 126kcal 360kcal protein og og 5g carbohydrates 90g 31 of og which sucrs og sugar fat all ooffatty og types acids og calci 5mg 59 um 170mg phosphorus 35mg 100mg vitamin 0 105lu 30olu approx value directionst oruse add4 loomjandstirc teaspoonful gluconede approx soglbonegessorwaer ingredientss glucoset 1946 andvitaming mineralst icalcium phosphatest lucoseba cealy foody storage con ditonestored inacool dry place away fromstrong odours best before 24 months manufactures from heinzi manufactured shivsagar fort heinz floor d india pvt ltdey worling mumbai 400 018 fsat lic no 10013022001ait cns mistehanacteroblotng andsee below atheinzindia 10010500066s pvt ltds manzurgarhi aligarha 202 001 essailic no heinzindia 262405 pvt ltds plotnos digagb esip sitarganjj nagar uttarakhand udhamsinght fssai no 1001 1012000278 sysuperchem paontasahibs 173 025 cpr industries jamantwala road jambukhala badripura essai licno 1001406200l2es kg weight net
81S2+GnYpTL.jpg,free glucond 200g regular pack glucond a instant energy i regulad prote cart fatl cald toe 9947 pure glucose nitamin mineralsi
81dzao1Ob4L.jpg,packaging changed food themodernlife rfood a serich handmade organics ssrich spearmint pureherb organics how sorichorganiescos nutritional facts ssai plant based superfood calories spearmint green tea s es rtediet gcal s orchinns woled daeofpackagn 0 richin joogiasson netwts anacereeatins usda cncrensourcfopron batchno organic rfo sup od food for the modern life cerihedorganicly onecertint before laccredeation opynai 10083 serich issa onecert serich organics lic 12721 999000135 no body temple putting organics organic spearmint herbal tea naturalfoodsis thelkey makeitrun efficiently spearmint whichtake miroculal sorich organics believethat thelirststep ofyol high potassium cy oftheherb blood control alsokeeps keeps pressure work stable farmer whom organic groups practice direction of use grownshralpes ciderreproduce made herbal bring bounty straight frommother tyou conalsobe ground ifusedas aspice vegetable earth giving meant forsprinkling purposes enjoyed ingredients pure herb mynsorchorganics com organic spearmint country origin plant based organic superfood nan facts nutritiona quality spearmint 80kcal calories carbohydrate caution pockedin heprold nulsond tea sugor green seodsdo notbuy fifitstmers ordamoged dietry fibre dryploce keep totalfat saturatedifat manufactured and marketed bye sodium ohchinwtans organicspt plotno63 blockb noida gautam rchinantonidants afteropening thepacket consume months pradesh 201301 1353 ozj weight 100g for ne o anecerannatum customer feedbacks 730383067s mrp rs greatsourceofiron ichorganicscom no netweight 100 35307 batch comlsorichorganics mnisopunishable pkd worlable use byr after brief period packaging for of notes time may a vary
81e2YtCOKvL.jpg,free glucond 200g regular pack glucono net weight instant energy lkg hectic litestyle when outenergyor occasions ofuser the drains in summer when sun glucony l leavess tiredy instant energy of you your family needs the for instant source 9940 glucose glucose an energy pure for the brain the the source doay andi only energy provides calcium that vitamin gluconed has vitamin and strength to the and bods bones essentialtor minerals glucon d has phosphorus matis production energy and storage familyl glucond with your so experience the instant energy of a aricls eaay i miar fapr hy ggol biger gfar gd 37907 gpor ar 3rf enfes raspis it a gea macry uea oy amt aiue uret nfact mriy at wew 9940 reenly rply g gt apezra faant at mfaer aot mapetal acu 3iy sreivet aar elssul fefia rallt fcft gt 3i7 dlarl taa mud fars 3k riere git firoa cat mioies mact grace 8 hapus as 3rgd far mell 4t gecrenkred htss sittouist offer also available withoutthis last packs offervalidally stocks only marked packs offeravailable specitically heartrom wouldlove floos shivsagar world mumbal 4000188 ltds indial pvt celly heinz consumer 1800 1025444 tstusateenteinuas toll free no coracais mrp rsk ancl ofalltaxesi mfd lotno jary of bottom below see space of
81fOxWWWKYL.jpg,usda organic sup rfo od negit serich promotes organics health digestive plant based organic superfood spearmint high green tea antioxidants in highinvtamina rnchinantionidants anteacterannature acombats diseases greatsourceofiron netweight 100g 1353 ozj
81hnk2WXO3L.jpg,hot chocolate bombs ar chocolate made belgian with includes mini marshmallows milk double salted peppermint chocolate chocolate caramel original ingredients sugar cocoa butter emilk powder whol nutrition facts marshmallows sugar glucose syrup gelatin sorbitol modified corn starch dextrose artficial flavor tetrasodium pyrophosphatey cocoa mass emulsifiers soy lecithin pgpry 16 serving per container vanilla extract c5gj serving size package contains milk soy salted caramel ingredients sugar cocoa wholemilk butter amount per serving 180 powder marshmallows sugar glucose syrup gelatin sorbitol calories modified corn starch dextrose artficial flavor tetrasodium pyrophosphated cocoa mass emulsifiers soy lecithin pgpry vanilla extract salt caramel flavor op daily valuex contains milk soy total fat gg 1200 peppermint ingredients sugar cocoa butter wholemilk powder saturated fat 5g 2570 marshmallows sugar glucose syrup gelatin sorbitol modia ed corn starch dextrose artficial flavor tetrasodium trans fat og pyrophosphate cocoa mass emulsifi ers soy lecithin pgpry vanilla extract peppermint flavor cholesterol 5mg bb 200 contains milk soy sodium 20mg do total carbohydrate 22g 8ob double chocolated ingredients sugar cocoa butter cocoa mass whole milkpowder marshmall ows sugar glucose syrup gelating dietary fiber l1g 200 sorbitol modified corn starch artficial flavor dextrose tetrasodium pyrophosphated emulsifiers soy lecithin pgpry total sugars 21g vanilla extract includes 21g added sugars 4206 contains milk soy protein 2g distributed by frankford llc candy philadelphia pa 19114 vit d omcg 00o calcium 45mg 200 chocolate made bei gium in gmg 206 75mg iron or potas 200 molded and packed china marshmal lows made china daily value cdvy tells the do you how much unoetrancorcecanadly com nutrient im serving of food contributes a a to daily diet 2000 calories day used for a is frankford nutrition advice general
81x77l2T5NL.jpg,sustainable crecheteres creating a i and for you visit comluk www knors knorr use smficials to i how h potss stock msg i added and gluten no free msg preservatives 4x289 112g e nan etherrdissolve into somp the boiling the add os water directly s pot a dish to best before ends
81xsq6vf2qL.jpg,horbaach directiont for adults take two 27 capsules vegan dails preferably do stated with meal not exceed dose nutrition information typically per daily dose strength high psyllium husk powder 1400mg psyllium ingredientss husk capsule shell psyllium powder chy corhetalais antix caking agents avag silicon nesium salts of fatty acids dioxidel husk contain sesame seeds mustardi for may be allergens ingredients see the in bold noticer take this product 220ml of fluids taking with this product without adequate fluid the may cause post sibility of choking do not this product if have use you plantago ovata 1400mg difficulty swallowing if chest you experience pain vome plant seeds difficulty iting illowing breathing after taking or in swa or medical this product seek immediate attention do not before sleeping fibre products affect take the as can sorption of medications do not take this product many medication within 1 5 hours of taking free fromi artificial artificial flavour artificial colour sweetener preservatives food vegan 365 suitable vegetarians supplement capsules for 8 vegans hu167oc horbaach
91-iahVGEDL.jpg,a x packaging loose s added impurities other x does brew easily not brands x added preservatives aoh gt gancs processed chemically sercx c roang a vs usda organic sup rfo st serich nan airstight packaging organics free impurities plan brews easily organic r superfo spearmint tea green added no preservative highinvitamina rachinantonidants antisacterainnaure directly farm from greatsourceofiron weight 100g b530i net n brosscs rcs ct
91Cma3RzseL.jpg,horbaach 1007 highest quality horbaachi to gmp a strength i high psyllium sestuue in te husk gmp g ovata plantago 5 racrunte 1400ms seeds plant tii ian vegan 365 capsules food supplement horbaach
91LPf6OjV9L.jpg,aincs serct geescs corscs ericm helps in scees helps in osteoarthritis digestion reduces uswe inflammation mas s based slant picyt antiebacterial kooy i properties a s bloescs esk siminessai sees pi bees sles a ges sx seny helps in t pcos c rones seaocianes sonles om fron p p g ksh sekessiet q 10o see g fiet roa hs
91cErO-KbLL.jpg,jacquard knitted material super comfortable soft and creating a custom upholstered look 200gsm microfiber
91prZeizZnL.jpg,free glucond 200g regular pack glucond a instant energy i regulad glucond ie a instant energy regulad i 9940 pure glucose nitamin 9 mineralsi 1 994x spurel glucose unamin mineralal
612mrlqiI4L.jpg,i i i i i i i i a i a a a resrereet i 5 i i 5 5 a i i a genes to 1g 8 in es i i i i i i i i i i i i 5 i i a if i i i i i a i a a i i i a i a i 5 i 4 i i 5 a i i i i i i i i i i i i i i i i i 9 i i i i i i i a i i i is i i i i 8 i i i 5 i i i i i i i i i i i i i i i i i a i i i i i i i i i i i i u i i i i i i i i i of i 5 i i i i 3
613G8GOyLSL.jpg,i 8 ip65 150w 200in 305mmll 32mmil 25in ground wall ceiling
613v+2W4UwL.jpg,isiq jeqpuemion tor up ualdonssunnepon uiwoaied jut os 50 ml carvomin verdauungstropien 1855 glzo ml flussigkeit einnehmen zum wirkstoff auszug mischung einer aus angelikawurzeln von und benediktenkraut pleferminzblatrn klenge pharma
617Tl40LOXL.jpg,horbaach high strength psyllium husk plantago ovata 1400mg plant seeds vegan food 365 supplement capsules
715vVcWJxGL.jpg,gmp nuvida natural health cranberry extract high strength extract natural for urinary tract and bladder support suitable for vegetarians and vegans soooms 90 tablets food supplement
817vo3DcCNL.jpg,komfortpaket ac a herzstucks das fur starker und effizienter motor angenehmen fahrkomfort kraftvolle und effiziente extrem leiser und unglaubliches drehmoment unterstutzung leistungsstarker bis motor mit von kmih 25 250 w 45 nm
915JHkwtcrL.jpg,51470 in 31 0z carden ventilate soft and warm particularly smooth comfortable skin to
71004c9tzfL.jpg,ls c charging usb ports mode up down
